,Method,Average Return %,Sharpe Ratio
HA,-,34.678791154791156,2.055637730357125
BH,-,11.820501228501229,0.4348248325073762
