Model,MSE,R²,Success Ratio,CER
Net1,,,0.0,
Historical Average,0.0014804334448297227,0.008780837267267971,0.7327586206896551,0.00015580814912893607
