Model,Validation MSE,In-sample R2,Success Ratio (%),CER (%)
Net2,0.0006830883212387562,0.3979402655973371,88.48797250859106,1.9936452386900783
