Model,OOS_R2_vs_HA (%),Success_Ratio (%),CER_annual (%),CW_stat,CW_pvalue,PT_stat,PT_pvalue
HA,0.0,61.702127659574465,0.015996826564370095,,,,
CF,-0.4307621254556526,61.702127659574465,0.012543627545146568,-0.7863838134189092,0.7841786682579428,,
Net1,,,,,,,
Net2,,,,,,,
