Model,OOS_R2_vs_HA (%),Success_Ratio (%),CER_annual (%),CER_gain_vs_HA (%),CW_stat,CW_pvalue,PT_stat,PT_pvalue
HA,0.0,61.702127659574465,0.015996826564370095,0.0,,,,
CF,-0.4307621254556526,61.702127659574465,0.012543627545146568,-0.003453199019223526,-0.7863838134189092,0.7841786682579428,,
Net1,-12.337295804582826,44.680851063829785,0.020727497114021165,0.0047306705496510705,-13.48864325287802,1.0,-1.1815128402220971,0.8813004721858776
